year,month,title,start,end

2024,January,,"Jan 24, 9:50 pm","Jan 25, 11:24 pm"
2024,February,,"Feb 23, 3:34 pm","Feb 24, 6:00 pm"
2024,March,,"Mar 24, 9:55 am","Mar 25, 12:30 pm"
2024,April,,"Apr 23, 3:26 am","Apr 24, 5:18 am"
2024,May,,"May 22, 6:48 pm","May 23, 7:23 pm"
2024,June,,"Jun 21, 7:32 am","Jun 22, 6:37 am"
2024,July,,"Jul 20, 6:00 pm","Jul 21, 3:47 pm"
2024,August,,"Aug 19, 3:05 am","Aug 19, 11:55 pm"
2024,September,,"Sep 17, 11:44 am","Sep 18, 8:04 am"
2024,October,,"Oct 16, 8:41 pm","Oct 17, 4:56 pm"
2024,November,,"Nov 15, 6:19 am","Nov 16, 2:58 am"
2024,December,,"Dec 14, 4:59 pm","Dec 15, 2:31 pm"

2025,January,,"Jan 13, 5:03 am","Jan 14, 3:56 am"
2025,February,,"Feb 11, 6:56 pm","Feb 12, 7:23 pm"
2025,March,,"Mar 13, 10:36 am","Mar 14, 12:24 pm"
2025,April,,"Apr 12, 3:22 am","Apr 13, 5:52 am"
2025,May,,"May 11, 8:02 pm","May 12, 10:25 pm"
2025,June,,"Jun 10, 11:36 am","Jun 11, 1:13 pm"
2025,July,,"Jul 10, 1:37 am","Jul 11, 2:06 am"
2025,August,,"Aug 08, 2:12 pm","Aug 09, 1:25 pm"
2025,September,,"Sep 07, 1:41 am","Sep 07, 11:38 pm"
2025,October,,"Oct 06, 12:24 pm","Oct 07, 9:17 am"
2025,November,,"Nov 04, 10:36 pm","Nov 05, 6:49 pm"
2025,December,,"Dec 04, 8:38 am","Dec 05, 4:44 am"

2026,January,,"Jan 02, 6:54 pm","Jan 03, 3:32 pm"
2026,February,,"Feb 01, 5:53 am","Feb 02, 3:39 am"
2026,March,,"Mar 02, 5:56 pm","Mar 03, 5:07 pm"
2026,April,,"Apr 01, 7:06 am","Apr 02, 7:41 am"
2026,April,,"Apr 30, 9:13 pm","May 01, 10:53 pm"
2026,May,,"May 30, 11:58 am","May 31, 2:15 pm"
2026,June,,"Jun 29, 3:06 am","Jun 30, 5:26 am"
2026,July,,"Jul 28, 6:19 pm","Jul 29, 8:05 pm"
2026,August,,"Aug 27, 9:09 am","Aug 28, 9:48 am"
2026,September,,"Sep 25, 11:07 pm","Sep 26, 10:19 pm"
2026,October,,"Oct 25, 11:56 am","Oct 26, 9:41 am"
2026,November,,"Nov 23, 11:42 pm","Nov 24, 8:23 pm"
2026,December,,"Dec 23, 10:47 am","Dec 24, 6:58 am"

2027,January,,"Jan 21, 9:30 pm","Jan 22, 5:47 pm"
2027,February,,"Feb 20, 8:00 am","Feb 21, 4:53 am"
2027,March,,"Mar 21, 6:22 pm","Mar 22, 4:13 pm"
2027,April,,"Apr 20, 4:51 am","Apr 21, 3:57 am"
2027,May,,"May 19, 4:03 pm","May 20, 4:29 pm"
2027,June,,"Jun 18, 4:35 am","Jun 19, 6:14 am"
2027,July,,"Jul 17, 6:48 pm","Jul 18, 9:14 pm"
2027,August,,"Aug 16, 10:29 am","Aug 17, 12:58 pm"
2027,September,,"Sep 15, 2:48 am","Sep 16, 4:33 am"
2027,October,,"Oct 14, 6:49 pm","Oct 15, 7:17 pm"
2027,November,,"Nov 13, 9:55 am","Nov 14, 8:55 am"
2027,December,,"Dec 12, 11:55 pm","Dec 13, 9:38 pm"

2028,January,,"Jan 11, 12:46 pm","Jan 12, 9:33 am"
2028,February,,"Feb 10, 12:17 am","Feb 10, 8:33 pm"
2028,March,,"Mar 10, 10:21 am","Mar 11, 6:36 am"
2028,April,,"Apr 08, 7:11 pm","Apr 09, 3:56 pm"
2028,May,,"May 08, 3:33 am","May 09, 1:18 am"
2028,June,,"Jun 06, 12:30 pm","Jun 07, 11:38 am"
2028,July,,"Jul 05, 11:04 pm","Jul 06, 11:40 pm"
2028,August,,"Aug 04, 11:51 am","Aug 05, 1:39 pm"
2028,September,,"Sep 03, 2:52 am","Sep 04, 5:17 am"
2028,October,,"Oct 02, 7:34 pm","Oct 03, 9:54 pm"
2028,November,,"Nov 01, 1:08 pm","Nov 02, 2:47 pm"
2028,December,,"Dec 01, 6:41 am","Dec 02, 7:10 am"
2028,December,,"Dec 30, 11:14 pm","Dec 31, 10:18 pm"

2029,January,,"Jan 29, 1:53 pm","Jan 30, 11:33 am"
2029,February,,"Feb 28, 2:05 am","Feb 28, 10:40 pm"
2029,March,,"Mar 29, 11:52 am","Mar 30, 7:56 am"
2029,April,,"Apr 27, 7:55 pm","Apr 28, 4:06 pm"
2029,May,,"May 27, 3:15 am","May 28, 12:07 am"
2029,June,,"Jun 25, 10:55 am","Jun 26, 8:52 am"
2029,July,,"Jul 24, 7:50 pm","Jul 25, 7:05 pm"
2029,August,,"Aug 23, 6:48 am","Aug 24, 7:21 am"
2029,September,,"Sep 21, 8:18 pm","Sep 22, 9:59 pm"
2029,October,,"Oct 21, 12:32 pm","Oct 22, 2:57 pm"
2029,November,,"Nov 20, 7:02 am","Nov 21, 9:32 am"
2029,December,,"Dec 20, 2:30 am","Dec 21, 4:16 am"

2030,January,,"Jan 18, 9:02 pm","Jan 19, 9:24 pm"
2030,February,,"Feb 17, 1:05 pm","Feb 18, 11:49 am"
2030,March,,"Mar 19, 2:03 am","Mar 19, 11:26 pm"
2030,April,,"Apr 17, 12:18 pm","Apr 18, 8:50 am"
2030,May,,"May 16, 8:36 pm","May 17, 4:49 pm"
2030,June,,"Jun 15, 3:50 am","Jun 16, 12:11 am"
2030,July,,"Jul 14, 10:47 am","Jul 15, 7:42 am"
2030,August,,"Aug 12, 6:24 pm","Aug 13, 4:14 pm"
2030,September,,"Sep 11, 3:40 am","Sep 12, 2:47 am"
2030,October,,"Oct 10, 3:40 pm","Oct 11, 4:16 pm"
2030,November,,"Nov 09, 7:03 am","Nov 10, 9:00 am"
2030,December,,"Dec 09, 1:30 am","Dec 10, 4:10 am"

2031,January,,"Jan 07, 9:27 pm","Jan 08, 11:55 pm"
2031,February,,"Feb 06, 4:48 pm","Feb 07, 6:16 pm"
2031,March,,"Mar 08, 9:55 am","Mar 09, 9:59 am"
2031,April,,"Apr 07, 12:10 am","Apr 07, 10:51 pm"
2031,May,,"May 06, 11:40 am","May 07, 9:09 am"
2031,June,,"Jun 04, 8:51 pm","Jun 05, 5:28 pm"
2031,July,,"Jul 04, 4:22 am","Jul 05, 12:31 am"
2031,August,,"Aug 02, 11:04 am","Aug 03, 7:15 am"
2031,August,,"Aug 31, 6:03 pm","Sep 01, 2:50 pm"
2031,September,,"Sep 30, 2:32 am","Oct 01, 12:27 am"
2031,October,,"Oct 29, 1:38 pm","Oct 30, 1:02 pm"
2031,November,,"Nov 28, 3:53 am","Nov 29, 4:48 am"
2031,December,,"Dec 27, 9:00 pm","Dec 28, 11:03 pm"

2032,January,,"Jan 26, 3:52 pm","Jan 27, 6:22 pm"
2032,February,,"Feb 25, 10:56 am","Feb 26, 1:13 pm"
2032,March,,"Mar 26, 4:50 am","Mar 27, 6:16 am"
2032,April,,"Apr 24, 8:31 pm","Apr 25, 8:39 pm"
2032,May,,"May 24, 9:26 am","May 25, 8:07 am"
2032,June,,"Jun 22, 7:41 pm","Jun 23, 5:02 pm"
2032,July,,"Jul 22, 3:55 am","Jul 23, 12:21 am"
2032,August,,"Aug 20, 11:12 am","Aug 21, 7:16 am"
2032,September,,"Sep 18, 6:43 pm","Sep 19, 3:00 pm"
2032,October,,"Oct 18, 3:26 am","Oct 19, 12:28 am"
2032,November,,"Nov 16, 2:03 pm","Nov 17, 12:12 pm"
2032,December,,"Dec 16, 2:49 am","Dec 17, 2:19 am"

2033,January,,"Jan 14, 5:44 pm","Jan 15, 6:37 pm"
2033,February,,"Feb 13, 10:32 am","Feb 14, 12:34 pm"
2033,March,,"Mar 15, 4:31 am","Mar 16, 7:07 am"
2033,April,,"Apr 13, 10:26 pm","Apr 15, 12:47 am"
2033,May,,"May 13, 2:52 pm","May 14, 4:12 pm"
2033,June,,"Jun 12, 4:54 am","Jun 13, 4:49 am"
2033,July,,"Jul 11, 4:29 pm","Jul 12, 2:58 pm"
2033,August,,"Aug 10, 2:18 am","Aug 10, 11:37 pm"
2033,September,,"Sep 08, 11:16 am","Sep 09, 7:50 am"
2033,October,,"Oct 07, 8:13 pm","Oct 08, 4:28 pm"
2033,November,,"Nov 06, 5:39 am","Nov 07, 2:02 am"
2033,December,,"Dec 05, 3:52 pm","Dec 06, 12:52 pm"

2034,January,,"Jan 04, 3:10 am","Jan 05, 1:17 am"
2034,February,,"Feb 02, 3:58 pm","Feb 03, 3:34 pm"
2034,March,,"Mar 04, 6:33 am","Mar 05, 7:40 am"
2034,April,,"Apr 02, 10:36 pm","Apr 04, 12:48 am"
2034,May,,"May 02, 3:13 pm","May 03, 5:45 pm"
2034,June,,"Jun 01, 7:17 am","Jun 02, 9:24 am"
2034,June,,"Jun 30, 10:05 pm","Jul 01, 11:14 pm"
2034,July,,"Jul 30, 11:28 am","Jul 31, 11:24 am"
2034,August,,"Aug 28, 11:40 pm","Aug 29, 10:19 pm"
2034,September,,"Sep 27, 10:59 am","Sep 28, 8:26 am"
2034,October,,"Oct 26, 9:41 pm","Oct 27, 6:12 pm"
2034,November,,"Nov 25, 7:57 am","Nov 26, 4:02 am"
2034,December,,"Dec 24, 6:08 pm","Dec 25, 2:24 pm"

2035,January,,"Jan 23, 4:40 am","Jan 24, 1:46 am"
2035,February,,"Feb 21, 4:00 pm","Feb 22, 2:23 pm"
2035,March,,"Mar 23, 4:22 am","Mar 24, 4:12 am"
2035,April,,"Apr 21, 5:44 pm","Apr 22, 6:50 pm"
2035,May,,"May 21, 7:56 am","May 22, 9:55 am"
2035,June,,"Jun 19, 10:45 pm","Jun 21, 1:07 am"
2035,July,,"Jul 19, 1:56 pm","Jul 20, 4:06 pm"
2035,August,,"Aug 18, 5:09 am","Aug 19, 6:30 am"
2035,September,,"Sep 16, 7:51 pm","Sep 17, 7:53 pm"
2035,October,,"Oct 16, 9:33 am","Oct 17, 8:05 am"
2035,November,,"Nov 14, 10:06 pm","Nov 15, 7:18 pm"
2035,December,,"Dec 14, 9:40 am","Dec 15, 6:03 am"

2036,January,,"Jan 12, 8:36 pm","Jan 13, 4:46 pm"
2036,February,,"Feb 11, 7:08 am","Feb 12, 3:38 am"
2036,March,,"Mar 11, 5:22 pm","Mar 12, 2:39 pm"
2036,April,,"Apr 10, 3:30 am","Apr 11, 1:52 am"
2036,May,,"May 09, 1:59 pm","May 10, 1:39 pm"
2036,June,,"Jun 08, 1:32 am","Jun 09, 2:32 am"
2036,July,,"Jul 07, 2:44 pm","Jul 08, 4:49 pm"
2036,August,,"Aug 06, 5:44 am","Aug 07, 8:18 am"
2036,September,,"Sep 04, 10:00 pm","Sep 06, 12:15 am"
2036,October,,"Oct 04, 2:31 pm","Oct 05, 3:45 pm"
2036,November,,"Nov 03, 6:26 am","Nov 04, 6:14 am"
2036,December,,"Dec 02, 9:14 pm","Dec 03, 7:38 pm"

2037,January,,"Jan 01, 10:50 am","Jan 02, 8:05 am"
2037,January,,"Jan 30, 11:04 pm","Jan 31, 7:34 pm"
2037,March,,"Mar 01, 9:46 am","Mar 02, 5:58 am"
2037,March,,"Mar 30, 6:59 pm","Mar 31, 3:23 pm"
2037,April,,"Apr 29, 3:15 am","Apr 30, 12:23 am"
2037,May,,"May 28, 11:33 am","May 29, 9:54 am"
2037,June,,"Jun 26, 9:02 pm","Jun 27, 8:49 pm"
2037,July,,"Jul 26, 8:33 am","Jul 27, 9:45 am"
2037,August,,"Aug 24, 10:30 pm","Aug 26, 12:39 am"
2037,September,,"Sep 23, 2:33 pm","Sep 24, 5:01 pm"
2037,October,,"Oct 23, 7:59 am","Oct 24, 10:06 am"
2037,November,,"Nov 22, 1:54 am","Nov 23, 3:05 am"
2037,December,,"Dec 21, 7:16 pm","Dec 22, 7:08 pm"

2038,January,,"Jan 20, 11:05 am","Jan 21, 9:29 am"
2038,February,,"Feb 19, 12:32 am","Feb 19, 9:39 pm"
2038,March,,"Mar 20, 11:23 am","Mar 21, 7:39 am"
2038,April,,"Apr 18, 8:03 pm","Apr 19, 4:06 pm"
2038,May,,"May 18, 3:28 am","May 18, 11:53 pm"
2038,June,,"Jun 16, 10:42 am","Jun 17, 8:00 am"
2038,July,,"Jul 15, 6:47 pm","Jul 16, 5:18 pm"
2038,August,,"Aug 14, 4:37 am","Aug 15, 4:26 am"
2038,September,,"Sep 12, 4:49 pm","Sep 13, 5:54 pm"
2038,October,,"Oct 12, 7:46 am","Oct 13, 9:51 am"
2038,November,,"Nov 11, 1:23 am","Nov 12, 3:57 am"
2038,December,,"Dec 10, 8:43 pm","Dec 11, 11:00 pm"

2039,January,,"Jan 09, 4:04 pm","Jan 10, 5:15 pm"
2039,February,,"Feb 08, 9:32 am","Feb 09, 9:09 am"
2039,March,,"Mar 10, 12:00 am","Mar 10, 10:05 pm"
2039,April,,"Apr 08, 11:26 am","Apr 09, 8:22 am"
2039,May,,"May 07, 8:30 pm","May 08, 4:50 pm"
2039,June,,"Jun 06, 4:04 am","Jun 07, 12:17 am"
2039,July,,"Jul 05, 11:01 am","Jul 06, 7:33 am"
2039,August,,"Aug 03, 6:10 pm","Aug 04, 3:26 pm"
2039,September,,"Sep 02, 2:31 am","Sep 03, 12:53 am"
2039,October,,"Oct 01, 1:06 pm","Oct 02, 12:53 pm"
2039,October,,"Oct 31, 2:50 am","Nov 01, 4:06 am"
2039,November,,"Nov 29, 7:56 pm","Nov 30, 10:19 pm"
2039,December,,"Dec 29, 3:26 pm","Dec 30, 6:07 pm"

2040,January,,"Jan 28, 11:20 am","Jan 29, 1:24 pm"
2040,February,,"Feb 27, 5:38 am","Feb 28, 6:29 am"
2040,March,,"Mar 27, 9:15 pm","Mar 28, 8:41 pm"
2040,April,,"Apr 26, 10:00 am","Apr 27, 8:07 am"
2040,May,,"May 25, 8:13 pm","May 26, 5:17 pm"
2040,June,,"Jun 24, 4:27 am","Jun 25, 12:49 am"
2040,July,,"Jul 23, 11:29 am","Jul 24, 7:35 am"
2040,August,,"Aug 21, 6:17 pm","Aug 22, 2:39 pm"
2040,September,,"Sep 20, 1:59 am","Sep 20, 11:12 pm"
2040,October,,"Oct 19, 11:45 am","Oct 20, 10:19 am"
2040,November,,"Nov 18, 12:28 am","Nov 19, 12:36 am"
2040,December,,"Dec 17, 4:16 pm","Dec 18, 5:45 pm"