Date,Day,Month,Year,Weekday,Time
2024-02-05,05,February,2024,Monday,09:45 PM
2024-03-15,15,March,2024,Friday,06:11 PM
2024-04-23,23,April,2024,Tuesday,08:41 AM
2024-06-01,01,June,2024,Saturday,03:39 PM
2024-07-12,12,July,2024,Friday,07:00 PM
2024-08-26,26,August,2024,Monday,03:26 PM
2024-10-20,20,October,2024,Sunday,02:24 PM
2024-12-07,07,December,2024,Saturday,05:03 AM

2025-01-21,21,January,2025,Tuesday,10:05 AM
2025-02-24,24,February,2025,Monday,07:30 AM
2025-04-03,03,April,2025,Thursday,01:28 AM
2025-06-07,07,June,2025,Saturday,02:11 AM
2025-07-28,28,July,2025,Monday,07:57 PM
2025-09-13,13,September,2025,Saturday,09:21 PM
2025-10-27,27,October,2025,Monday,03:41 PM
2025-12-07,07,December,2025,Sunday,08:15 PM

2026-01-16,16,January,2026,Friday,04:25 AM
2026-02-23,23,February,2026,Monday,11:47 AM
2026-04-02,02,April,2026,Thursday,03:26 PM
2026-05-11,11,May,2026,Monday,12:35 PM
2026-06-20,20,June,2026,Saturday,11:55 PM
2026-08-02,02,August,2026,Sunday,10:46 PM
2026-09-18,18,September,2026,Friday,04:29 PM
2026-11-12,12,November,2026,Thursday,08:11 PM

2027-01-10,10,January,2027,Sunday,06:29 PM
2027-03-10,10,March,2027,Wednesday,12:29 AM
2027-04-01,01,April,2027,Thursday,07:38 PM
2027-04-26,26,April,2027,Monday,11:30 AM
2027-07-05,05,July,2027,Monday,04:25 AM
2027-08-24,24,August,2027,Tuesday,09:43 AM
2027-10-08,08,October,2027,Friday,01:21 AM
2027-11-18,18,November,2027,Thursday,08:39 AM
2027-12-27,27,December,2027,Monday,12:57 PM

2028-02-03,03,February,2028,Thursday,03:36 PM
2028-03-12,12,March,2028,Sunday,04:30 PM
2028-04-20,20,April,2028,Thursday,01:18 PM
2028-05-31,31,May,2028,Wednesday,12:16 AM
2028-07-12,12,July,2028,Wednesday,03:06 PM
2028-08-26,26,August,2028,Saturday,08:07 PM
2028-10-14,14,October,2028,Saturday,10:11 AM
2028-12-08,08,December,2028,Friday,10:07 PM

2029-02-14,14,February,2029,Wednesday,01:46 PM
2029-05-06,06,May,2029,Sunday,12:29 AM
2029-07-28,28,July,2029,Saturday,10:39 PM
2029-09-15,15,September,2029,Saturday,03:55 AM
2029-10-27,27,October,2029,Saturday,12:57 PM
2029-12-06,06,December,2029,Thursday,02:11 AM

2030-01-13,13,January,2030,Sunday,09:29 AM
2030-02-20,20,February,2030,Wednesday,03:37 PM
2030-03-31,31,March,2030,Sunday,07:42 PM
2030-05-11,11,May,2030,Saturday,02:53 PM
2030-06-23,23,June,2030,Sunday,11:06 AM
2030-08-07,07,August,2030,Wednesday,10:12 AM
2030-09-23,23,September,2030,Monday,10:35 AM
2030-11-11,11,November,2030,Monday,06:57 PM

2031-01-04,04,January,2031,Saturday,05:08 PM
2031-03-29,29,March,2031,Saturday,06:04 AM
2031-06-13,13,June,2031,Friday,05:26 PM
2031-08-15,15,August,2031,Friday,08:23 AM
2031-10-02,02,October,2031,Thursday,02:44 PM
2031-11-13,13,November,2031,Thursday,02:55 AM
2031-12-22,22,December,2031,Monday,11:12 AM

2032-01-30,30,January,2032,Friday,01:02 PM
2032-03-10,10,March,2032,Wednesday,12:08 PM
2032-04-21,21,April,2032,Wednesday,01:47 AM
2032-06-03,03,June,2032,Thursday,01:34 PM
2032-07-18,18,July,2032,Sunday,08:37 PM
2032-09-03,03,September,2032,Friday,12:57 PM
2032-10-21,21,October,2032,Thursday,03:34 AM
2032-12-08,08,December,2032,Wednesday,02:31 PM

2033-01-27,27,January,2033,Thursday,06:57 PM
2033-03-24,24,March,2033,Thursday,07:43 PM
2033-05-27,27,May,2033,Friday,05:17 AM
2033-08-01,01,August,2033,Monday,07:55 PM
2033-10-08,08,October,2033,Saturday,08:11 PM
2033-11-23,23,November,2033,Wednesday,03:19 PM

2034-01-04,04,January,2034,Wednesday,10:25 PM
2034-02-16,16,February,2034,Thursday,03:13 AM
2034-03-31,31,March,2034,Friday,10:08 AM
2034-05-15,15,May,2034,Monday,05:08 AM
2034-06-30,30,June,2034,Friday,08:38 AM
2034-08-16,16,August,2034,Wednesday,07:46 AM
2034-10-02,02,October,2034,Monday,09:59 AM
2034-11-18,18,November,2034,Saturday,02:11 AM

2035-01-03,03,January,2035,Wednesday,03:43 AM
2035-02-17,17,February,2035,Saturday,05:49 PM
2035-04-04,04,April,2035,Wednesday,08:37 AM
2035-05-21,21,May,2035,Monday,03:48 PM
2035-07-21,21,July,2035,Saturday,10:23 AM
2035-08-15,15,August,2035,Wednesday,03:32 PM
2035-09-10,10,September,2035,Monday,10:35 AM
2035-10-15,15,October,2035,Monday,02:02 PM
2035-11-18,18,November,2035,Sunday,03:05 AM

2036-01-16,16,January,2036,Wednesday,11:51 PM
2036-03-06,06,March,2036,Thursday,07:04 AM
2036-04-23,23,April,2036,Wednesday,06:23 AM
2036-06-10,10,June,2036,Tuesday,05:13 AM
2036-07-28,28,July,2036,Monday,01:51 AM
2036-09-13,13,September,2036,Saturday,07:03 AM
2036-10-29,29,October,2036,Wednesday,07:16 AM
2036-12-12,12,December,2036,Friday,07:23 PM

2037-01-24,24,January,2037,Saturday,06:55 PM
2037-03-07,07,March,2037,Saturday,10:56 AM
2037-04-17,17,April,2037,Friday,05:42 AM
2037-05-28,28,May,2037,Thursday,12:20 AM
2037-07-09,09,July,2037,Thursday,03:46 PM
2037-08-29,29,August,2037,Saturday,06:19 PM
2037-10-13,13,October,2037,Tuesday,04:38 AM
2037-11-28,28,November,2037,Saturday,05:10 AM
2037-12-23,23,December,2037,Wednesday,12:01 PM

2038-01-19,19,January,2038,Tuesday,08:02 PM
2038-03-28,28,March,2038,Sunday,03:36 AM
2038-05-20,20,May,2038,Thursday,02:06 AM
2038-07-09,09,July,2038,Friday,12:56 AM
2038-08-26,26,August,2038,Thursday,12:47 AM
2038-10-10,10,October,2038,Sunday,11:48 PM
2038-11-23,23,November,2038,Tuesday,07:47 PM

2039-01-04,04,January,2039,Tuesday,03:56 PM
2039-02-13,13,February,2039,Sunday,09:27 PM
2039-03-25,25,March,2039,Friday,01:52 AM
2039-05-02,02,May,2039,Monday,11:44 PM
2039-06-11,11,June,2039,Saturday,03:15 PM
2039-07-23,23,July,2039,Saturday,11:07 AM
2039-09-08,08,September,2039,Thursday,12:39 PM
2039-11-24,24,November,2039,Thursday,02:17 AM

2040-02-09,09,February,2040,Thursday,05:18 PM